{
  "name": "eduagi-frontend",
  "version": "1.0.0",
  "description": "EduAGI 智能教学系统前端",
  "private": true,
  "scripts": {
    "dev": "vite",
    "build": "vite build",
    "preview": "vite preview"
  },
  "dependencies": {
    "antd": "^5.12.8",
    "axios": "^1.6.2",
    "react": "^18.2.0",
    "react-dom": "^18.2.0",
    "react-router-dom": "^6.8.1",
    "zustand": "^4.4.7"
  },
  "devDependencies": {
    "@types/react": "^18.2.43",
    "@types/react-dom": "^18.2.17",
    "@vitejs/plugin-react": "^4.2.1",
    "typescript": "^5.2.2",
    "vite": "^5.0.8"
  }
} 